alg,score,mad,params_json
svr,2.124156417837296,0.07590761677296032,"{""C"": 1.0, ""gamma"": 0.001, ""kernel"": ""linear"", ""shrinking"": true}"
svr,2.0565766647060597,0.0790775086997551,"{""C"": 10.0, ""gamma"": 0.001, ""kernel"": ""rbf"", ""shrinking"": false}"
svr,1493.7313000408474,355.1809641048552,"{""C"": 100.0, ""gamma"": 0.01, ""kernel"": ""sigmoid"", ""shrinking"": true}"
svr,27.96461278330287,15.779941683196771,"{""C"": 10.0, ""gamma"": 0.1, ""kernel"": ""poly"", ""shrinking"": true}"
svr,2.9371411130762732,0.09218721384534112,"{""C"": 0.001, ""gamma"": ""auto"", ""kernel"": ""rbf"", ""shrinking"": true}"
svr,2.4137189483605397,0.09128670125248775,"{""C"": 0.01, ""gamma"": ""auto"", ""kernel"": ""rbf"", ""shrinking"": false}"
svr,2.0626569182450236,0.054857760842578096,"{""C"": 1.0, ""gamma"": ""auto"", ""kernel"": ""rbf"", ""shrinking"": true}"
svr,2.3444920175875033,0.038053676437263026,"{""C"": 100.0, ""gamma"": ""auto"", ""kernel"": ""rbf"", ""shrinking"": true}"
svr,2.0653980590035967,0.024393040426135486,"{""C"": 1.0, ""gamma"": 0.01, ""kernel"": ""rbf"", ""shrinking"": true}"
svr,2.2144179179492367,0.09185158003864617,"{""C"": 1.0, ""gamma"": 0.0001, ""kernel"": ""rbf"", ""shrinking"": true}"
svr,2.995108300750753,0.11773710440023977,"{""C"": 0.01, ""gamma"": 0.1, ""kernel"": ""rbf"", ""shrinking"": false}"
svr,2.0821809932037567,0.05760841906970106,"{""C"": 1.0, ""gamma"": 0.001, ""kernel"": ""rbf"", ""shrinking"": true}"
svr,2.119612513080095,0.11551515071893156,"{""C"": 10.0, ""gamma"": 0.0001, ""kernel"": ""rbf"", ""shrinking"": true}"
svr,2.099976861345106,0.08259664379983614,"{""C"": 10.0, ""gamma"": ""auto"", ""kernel"": ""rbf"", ""shrinking"": true}"
svr,2.9381623083181108,0.13392059272848836,"{""C"": 0.001, ""gamma"": ""auto"", ""kernel"": ""rbf"", ""shrinking"": false}"
svr,2.418065833680469,0.09059347155735073,"{""C"": 1.0, ""gamma"": 0.1, ""kernel"": ""rbf"", ""shrinking"": true}"
svr,2.6778717755827555,0.05491177800969236,"{""C"": 0.1, ""gamma"": 0.0001, ""kernel"": ""rbf"", ""shrinking"": true}"
svr,2.0890836142140223,0.044017090402913295,"{""C"": 1.0, ""gamma"": 0.001, ""kernel"": ""rbf"", ""shrinking"": false}"
svr,2.109007275477584,0.11682088760601414,"{""C"": 0.1, ""gamma"": ""auto"", ""kernel"": ""rbf"", ""shrinking"": true}"
svr,2.425041225670192,0.07327174594186174,"{""C"": 100.0, ""gamma"": 0.01, ""kernel"": ""rbf"", ""shrinking"": false}"
svr,2.734879107691851,0.09203080672031008,"{""C"": 0.01, ""gamma"": 0.001, ""kernel"": ""rbf"", ""shrinking"": true}"
svr,2.103816302672582,0.05476341625716905,"{""C"": 10.0, ""gamma"": ""auto"", ""kernel"": ""rbf"", ""shrinking"": false}"
svr,2.1278179092422613,0.12137416444199498,"{""C"": 10.0, ""gamma"": 0.01, ""kernel"": ""rbf"", ""shrinking"": true}"
svr,2.059389004839051,0.05640364690689647,"{""C"": 1.0, ""gamma"": ""auto"", ""kernel"": ""rbf"", ""shrinking"": false}"
svr,2.1091524846333605,0.08997520519625006,"{""C"": 0.1, ""gamma"": ""auto"", ""kernel"": ""rbf"", ""shrinking"": false}"
nsvr,2.0725350153999775,0.10378880736553917,"{""C"": 1.0, ""gamma"": ""auto"", ""kernel"": ""rbf"", ""shrinking"": true}"
nsvr,2.25503309188844,0.03799038516050929,"{""C"": 1.0, ""gamma"": 0.0001, ""kernel"": ""rbf"", ""shrinking"": true}"
nsvr,2.141002373797659,0.0451312786119764,"{""C"": 10.0, ""gamma"": 0.0001, ""kernel"": ""rbf"", ""shrinking"": true}"
nsvr,2.9690723999490056,0.10331663966005719,"{""C"": 0.001, ""gamma"": ""auto"", ""kernel"": ""rbf"", ""shrinking"": true}"
nsvr,2.0822716755986157,0.08970348631333996,"{""C"": 1.0, ""gamma"": 0.01, ""kernel"": ""rbf"", ""shrinking"": true}"
nsvr,2.53480106632463,0.043589631350316516,"{""C"": 0.01, ""gamma"": ""auto"", ""kernel"": ""rbf"", ""shrinking"": true}"
nsvr,2.2481793168664645,0.06040430221658506,"{""C"": 0.1, ""gamma"": 0.001, ""kernel"": ""rbf"", ""shrinking"": true}"
nsvr,2.7854038947619464,0.047272882824277065,"{""C"": 0.1, ""gamma"": 0.0001, ""kernel"": ""rbf"", ""shrinking"": false}"
nsvr,3.0362400376744967,0.10094106841017683,"{""C"": 0.001, ""gamma"": 0.1, ""kernel"": ""rbf"", ""shrinking"": true}"
nsvr,2.0981075104243083,0.07682787277530786,"{""C"": 10.0, ""gamma"": ""auto"", ""kernel"": ""rbf"", ""shrinking"": true}"
nsvr,3.010424277699793,0.08757943637042304,"{""C"": 0.01, ""gamma"": 0.1, ""kernel"": ""rbf"", ""shrinking"": false}"
nsvr,2.460982466082429,0.11706175864235507,"{""C"": 1.0, ""gamma"": 0.1, ""kernel"": ""rbf"", ""shrinking"": true}"
nsvr,2.2895555934404497,0.09513182290316372,"{""C"": 100.0, ""gamma"": ""auto"", ""kernel"": ""rbf"", ""shrinking"": true}"
nsvr,2.074060361392821,0.08430637769065978,"{""C"": 10.0, ""gamma"": 0.001, ""kernel"": ""rbf"", ""shrinking"": false}"
nsvr,3.015436980693286,0.08033252347828326,"{""C"": 0.001, ""gamma"": 0.001, ""kernel"": ""rbf"", ""shrinking"": true}"
nsvr,2.380300817202277,0.10332510358954547,"{""C"": 10.0, ""gamma"": 0.1, ""kernel"": ""rbf"", ""shrinking"": true}"
nsvr,2.8250229067019386,0.04930831410396147,"{""C"": 0.01, ""gamma"": 0.001, ""kernel"": ""rbf"", ""shrinking"": true}"
nsvr,2.3711327858519207,0.0753588174670887,"{""C"": 100.0, ""gamma"": 0.1, ""kernel"": ""rbf"", ""shrinking"": true}"
nsvr,2.1017805457322196,0.047846271595115696,"{""C"": 1.0, ""gamma"": 0.001, ""kernel"": ""rbf"", ""shrinking"": true}"
nsvr,2.1236703131216643,0.06748560763702417,"{""C"": 10.0, ""gamma"": 0.01, ""kernel"": ""rbf"", ""shrinking"": true}"
lsvr,2.1533255015662043,0.12915447033491986,"{""C"": 1.0, ""dual"": false, ""epsilon"": 0, ""fit_intercept"": true, ""intercept_scaling"": 1, ""loss"": ""squared_epsilon_insensitive""}"
lsvr,5.834999202435641,0.11484731331462109,"{""C"": 0.001, ""dual"": false, ""epsilon"": 0, ""fit_intercept"": false, ""intercept_scaling"": 1, ""loss"": ""squared_epsilon_insensitive""}"
lsvr,3.141518899105644,0.46137758544607743,"{""C"": 100.0, ""dual"": true, ""epsilon"": 0, ""fit_intercept"": true, ""intercept_scaling"": 1, ""loss"": ""squared_epsilon_insensitive""}"
lsvr,2.1296358877784165,0.05675409713783086,"{""C"": 0.1, ""dual"": true, ""epsilon"": 0, ""fit_intercept"": true, ""intercept_scaling"": 1, ""loss"": ""epsilon_insensitive""}"
lsvr,6.234265599962251,0.34208681419227777,"{""C"": 1.0, ""dual"": true, ""epsilon"": 0, ""fit_intercept"": false, ""intercept_scaling"": 1.6, ""loss"": ""squared_epsilon_insensitive""}"
lsvr,5.827598341296785,0.12005067689842754,"{""C"": 0.001, ""dual"": true, ""epsilon"": 0, ""fit_intercept"": false, ""intercept_scaling"": 1, ""loss"": ""squared_epsilon_insensitive""}"
lsvr,2.1519069147436887,0.07775590516845926,"{""C"": 1.0, ""dual"": true, ""epsilon"": 0, ""fit_intercept"": true, ""intercept_scaling"": 0.6, ""loss"": ""squared_epsilon_insensitive""}"
lsvr,2.160876162640249,0.14912632539930537,"{""C"": 10.0, ""dual"": true, ""epsilon"": 0, ""fit_intercept"": true, ""intercept_scaling"": 1, ""loss"": ""epsilon_insensitive""}"
lsvr,2.1328412386272952,0.07630961301216428,"{""C"": 1.0, ""dual"": true, ""epsilon"": 0, ""fit_intercept"": true, ""intercept_scaling"": 1, ""loss"": ""epsilon_insensitive""}"
lsvr,6.855583501858331,0.7987030126649234,"{""C"": 1.0, ""dual"": true, ""epsilon"": 0, ""fit_intercept"": false, ""intercept_scaling"": 1, ""loss"": ""epsilon_insensitive""}"
lsvr,2.1320888143834784,0.07832880862867203,"{""C"": 0.1, ""dual"": true, ""epsilon"": 0, ""fit_intercept"": true, ""intercept_scaling"": 1.6, ""loss"": ""epsilon_insensitive""}"
lsvr,2.1436458844728135,0.0331926694045286,"{""C"": 0.01, ""dual"": true, ""epsilon"": 0, ""fit_intercept"": true, ""intercept_scaling"": 1, ""loss"": ""squared_epsilon_insensitive""}"
lsvr,2.127268668250294,0.06660079562730464,"{""C"": 1.0, ""dual"": true, ""epsilon"": 0, ""fit_intercept"": true, ""intercept_scaling"": 0.6, ""loss"": ""epsilon_insensitive""}"
lsvr,7.3613121295748085,0.6727502117910255,"{""C"": 1.0, ""dual"": true, ""epsilon"": 0, ""fit_intercept"": false, ""intercept_scaling"": 1.3, ""loss"": ""epsilon_insensitive""}"
lsvr,6.835775848728174,0.273806225044175,"{""C"": 0.1, ""dual"": true, ""epsilon"": 0, ""fit_intercept"": false, ""intercept_scaling"": 1, ""loss"": ""epsilon_insensitive""}"
lsvr,2.578261621636291,0.18082511175089058,"{""C"": 0.001, ""dual"": true, ""epsilon"": 0, ""fit_intercept"": true, ""intercept_scaling"": 1.3, ""loss"": ""epsilon_insensitive""}"
lsvr,2.134018472463143,0.05708500276305584,"{""C"": 0.001, ""dual"": true, ""epsilon"": 0, ""fit_intercept"": true, ""intercept_scaling"": 1, ""loss"": ""squared_epsilon_insensitive""}"
lsvr,5.905305908606257,0.19766583127614762,"{""C"": 0.01, ""dual"": true, ""epsilon"": 0, ""fit_intercept"": false, ""intercept_scaling"": 1, ""loss"": ""squared_epsilon_insensitive""}"
lsvr,6.7382576768362155,0.27853462948864316,"{""C"": 1.0, ""dual"": true, ""epsilon"": 0, ""fit_intercept"": false, ""intercept_scaling"": 0.6, ""loss"": ""epsilon_insensitive""}"
lsvr,2.148377471445074,0.1145887491064061,"{""C"": 0.01, ""dual"": true, ""epsilon"": 0, ""fit_intercept"": true, ""intercept_scaling"": 1, ""loss"": ""epsilon_insensitive""}"
lsvr,2.1285645874759527,0.1109228970575167,"{""C"": 1.0, ""dual"": true, ""epsilon"": 0, ""fit_intercept"": true, ""intercept_scaling"": 2.0, ""loss"": ""epsilon_insensitive""}"
lsvr,2.2631914022617714,0.09271767911111006,"{""C"": 0.001, ""dual"": true, ""epsilon"": 0, ""fit_intercept"": true, ""intercept_scaling"": 2.0, ""loss"": ""epsilon_insensitive""}"
knreg,2.1556763768278615,0.10531224346055833,"{""leaf_size"": 40, ""n_neighbors"": 10, ""p"": 1, ""weights"": ""distance""}"
knreg,2.1894305783051076,0.12863754765869562,"{""leaf_size"": 60, ""n_neighbors"": 20, ""p"": 3, ""weights"": ""distance""}"
knreg,3.038690789070748,0.13841810034653207,"{""leaf_size"": 20, ""n_neighbors"": 1, ""p"": 5, ""weights"": ""uniform""}"
knreg,2.1398073507641797,0.07357407159047005,"{""leaf_size"": 10, ""n_neighbors"": 20, ""p"": 2, ""weights"": ""distance""}"
knreg,2.159641596368017,0.09913333383349718,"{""leaf_size"": 10, ""n_neighbors"": 10, ""p"": 1, ""weights"": ""distance""}"
knreg,2.364125906849035,0.07624598653233289,"{""leaf_size"": 10, ""n_neighbors"": 3, ""p"": 2, ""weights"": ""uniform""}"
knreg,2.388761368849728,0.14665788002623137,"{""leaf_size"": 30, ""n_neighbors"": 5, ""p"": 5, ""weights"": ""distance""}"
knreg,2.251181205095879,0.062428011439702974,"{""leaf_size"": 40, ""n_neighbors"": 5, ""p"": 1, ""weights"": ""distance""}"
knreg,2.1851202735240265,0.12458886556363191,"{""leaf_size"": 5, ""n_neighbors"": 10, ""p"": 2, ""weights"": ""distance""}"
knreg,2.418970472580111,0.12609047274378501,"{""leaf_size"": 100, ""n_neighbors"": 3, ""p"": 3, ""weights"": ""uniform""}"
knreg,2.368185581812158,0.09622443734646743,"{""leaf_size"": 10, ""n_neighbors"": 3, ""p"": 2, ""weights"": ""distance""}"
knreg,2.2159257792455267,0.056511422535369685,"{""leaf_size"": 40, ""n_neighbors"": 10, ""p"": 3, ""weights"": ""uniform""}"
knreg,2.145415863106943,0.1640892394502205,"{""leaf_size"": 100, ""n_neighbors"": 20, ""p"": 2, ""weights"": ""distance""}"
knreg,2.123703279683178,0.14251405707654197,"{""leaf_size"": 30, ""n_neighbors"": 20, ""p"": 1, ""weights"": ""distance""}"
knreg,2.3004137802092304,0.075163379141339,"{""leaf_size"": 60, ""n_neighbors"": 5, ""p"": 3, ""weights"": ""uniform""}"
knreg,2.2703100678587953,0.09998346119169099,"{""leaf_size"": 30, ""n_neighbors"": 5, ""p"": 2, ""weights"": ""uniform""}"
knreg,2.9118830117426024,0.1442924829707022,"{""leaf_size"": 10, ""n_neighbors"": 1, ""p"": 1, ""weights"": ""uniform""}"
knreg,2.3916702623669357,0.08026065040040142,"{""leaf_size"": 20, ""n_neighbors"": 5, ""p"": 5, ""weights"": ""distance""}"
knreg,2.359525779888309,0.08082930797396708,"{""leaf_size"": 60, ""n_neighbors"": 3, ""p"": 2, ""weights"": ""distance""}"
knreg,2.3826551512124357,0.0740804534358167,"{""leaf_size"": 30, ""n_neighbors"": 5, ""p"": 5, ""weights"": ""uniform""}"
gpreg,5.640478823821703,0.035373713499472104,"{""alpha"": 1e-10, ""normalize_y"": false}"
gpreg,5.640434029864002,0.0295449364532128,"{""alpha"": 1e-10, ""normalize_y"": false}"
gpreg,5.644186926683362,0.17399162192385714,"{""alpha"": 0.1, ""normalize_y"": false}"
gpreg,3.0389770842396544,0.16702092779297104,"{""alpha"": 0.1, ""normalize_y"": true}"
gpreg,5.640790107602534,0.11420923614605598,"{""alpha"": 1e-08, ""normalize_y"": false}"
gpreg,3.0394377467610574,0.05044512113817724,"{""alpha"": 1e-08, ""normalize_y"": true}"
gpreg,5.641535322851637,0.07015161389641175,"{""alpha"": 0.01, ""normalize_y"": false}"
gpreg,3.0384145516903667,0.10465497566383247,"{""alpha"": 0.01, ""normalize_y"": true}"
gpreg,5.640341272226959,0.13929879348775975,"{""alpha"": 1e-10, ""normalize_y"": false}"
gpreg,3.038510218603359,0.04198607905219118,"{""alpha"": 1e-10, ""normalize_y"": true}"
gpreg,5.640685430459491,0.07823225060343583,"{""alpha"": 0.0001, ""normalize_y"": false}"
gpreg,3.0396364277388033,0.08480770980259787,"{""alpha"": 0.0001, ""normalize_y"": true}"
gpreg,5.640118942549662,0.24088617105492888,"{""alpha"": 1e-06, ""normalize_y"": false}"
gpreg,3.0393988997351364,0.12159579977724515,"{""alpha"": 1e-06, ""normalize_y"": true}"
plsreg,2.615010396250771,0.0607846316129394,"{""n_components"": 1, ""scale"": false}"
plsreg,2.6189445380711147,0.098399924971729,"{""n_components"": 1, ""scale"": true}"
plsreg,2.2114278098405347,0.09600518208383516,"{""n_components"": 2, ""scale"": false}"
plsreg,2.2121909753146425,0.11564260453396841,"{""n_components"": 2, ""scale"": true}"
plsreg,2.159063978687646,0.10782366047360227,"{""n_components"": 10, ""scale"": false}"
plsreg,2.157449332182415,0.08341257525287486,"{""n_components"": 10, ""scale"": true}"
plsreg,2.1776801830343815,0.08661066598472192,"{""n_components"": 5, ""scale"": false}"
plsreg,2.1806668885873894,0.0933184124457035,"{""n_components"": 5, ""scale"": true}"
dtreg,2.8757396008057787,0.13814257388666484,"{""criterion"": ""mae"", ""max_depth"": null, ""splitter"": ""best""}"
dtreg,2.8577549712243733,0.10678818352940518,"{""criterion"": ""friedman_mse"", ""max_depth"": null, ""splitter"": ""best""}"
dtreg,2.8948418295058387,0.1295285575282537,"{""criterion"": ""friedman_mse"", ""max_depth"": 50, ""splitter"": ""best""}"
dtreg,2.893578830558713,0.18770644290415878,"{""criterion"": ""mse"", ""max_depth"": 50, ""splitter"": ""random""}"
dtreg,2.846852382085993,0.12937460917629232,"{""criterion"": ""mse"", ""max_depth"": null, ""splitter"": ""best""}"
dtreg,2.135649465557594,0.07120752213261938,"{""criterion"": ""friedman_mse"", ""max_depth"": 5, ""splitter"": ""best""}"
dtreg,2.866430025054744,0.07368911230517351,"{""criterion"": ""mae"", ""max_depth"": null, ""splitter"": ""random""}"
dtreg,2.867885527353553,0.08027229878726676,"{""criterion"": ""mae"", ""max_depth"": 50, ""splitter"": ""best""}"
dtreg,2.3488582868405734,0.15203892429192745,"{""criterion"": ""friedman_mse"", ""max_depth"": 10, ""splitter"": ""random""}"
dtreg,2.4333546028928716,0.13218134812680501,"{""criterion"": ""friedman_mse"", ""max_depth"": 10, ""splitter"": ""best""}"
dtreg,2.9030040004970155,0.05228259741199191,"{""criterion"": ""mse"", ""max_depth"": null, ""splitter"": ""random""}"
dtreg,2.3636399319648045,0.09036569484476711,"{""criterion"": ""mae"", ""max_depth"": 10, ""splitter"": ""random""}"
dtreg,2.8381087408237393,0.11111749933015906,"{""criterion"": ""mae"", ""max_depth"": 20, ""splitter"": ""best""}"
dtreg,2.861244715187609,0.09659950808189652,"{""criterion"": ""friedman_mse"", ""max_depth"": 20, ""splitter"": ""random""}"
dtreg,2.825588001378221,0.17810526522869236,"{""criterion"": ""friedman_mse"", ""max_depth"": 50, ""splitter"": ""random""}"
dtreg,2.503809096036787,0.12793968435249775,"{""criterion"": ""mae"", ""max_depth"": 10, ""splitter"": ""best""}"
dtreg,2.8931755127448,0.05941960994921921,"{""criterion"": ""friedman_mse"", ""max_depth"": null, ""splitter"": ""random""}"
dtreg,2.13709772127924,0.09853164004443692,"{""criterion"": ""mae"", ""max_depth"": 5, ""splitter"": ""best""}"
dtreg,2.4608491281533844,0.12254508232023809,"{""criterion"": ""mse"", ""max_depth"": 10, ""splitter"": ""best""}"
dtreg,2.8598614415381696,0.09034757239355566,"{""criterion"": ""mse"", ""max_depth"": 50, ""splitter"": ""best""}"
bagreg,2.076341314072484,0.06082500665282563,"{""max_samples"": 0.2, ""n_estimators"": 100}"
bagreg,2.094478283053432,0.09906709426116647,"{""max_samples"": 1.0, ""n_estimators"": 100}"
bagreg,2.0787130828693794,0.02978851877286874,"{""max_samples"": 0.5, ""n_estimators"": 100}"
bagreg,2.2710711532037258,0.11235900466835498,"{""max_samples"": 0.2, ""n_estimators"": 5}"
bagreg,2.2640808622416504,0.06856782482439502,"{""max_samples"": 1.0, ""n_estimators"": 5}"
bagreg,2.277544239685778,0.04888320538006484,"{""max_samples"": 0.5, ""n_estimators"": 5}"
bagreg,2.069047113947422,0.06756160988203516,"{""max_samples"": 0.2, ""n_estimators"": 200}"
bagreg,2.0852931679422513,0.10564977287060764,"{""max_samples"": 1.0, ""n_estimators"": 200}"
bagreg,2.0786174053863937,0.05595630971020812,"{""max_samples"": 0.5, ""n_estimators"": 200}"
bagreg,2.1718102850905963,0.06356576943062381,"{""max_samples"": 0.2, ""n_estimators"": 10}"
bagreg,2.1592735304303687,0.06433325692966757,"{""max_samples"": 1.0, ""n_estimators"": 10}"
bagreg,2.1786856432773662,0.113758153823507,"{""max_samples"": 0.5, ""n_estimators"": 10}"
bagreg,2.094197870114063,0.07146190403179001,"{""max_samples"": 0.2, ""n_estimators"": 50}"
bagreg,2.1030573781040602,0.07379582646828245,"{""max_samples"": 1.0, ""n_estimators"": 50}"
bagreg,2.094846198637158,0.011829373385527819,"{""max_samples"": 0.5, ""n_estimators"": 50}"
rfreg,2.087632412963826,0.06576311301208387,"{""criterion"": ""mse"", ""max_depth"": null, ""n_estimators"": 100}"
rfreg,2.0970362919560426,0.11600939276359105,"{""criterion"": ""mae"", ""max_depth"": null, ""n_estimators"": 100}"
rfreg,2.257817184926626,0.04760821768730884,"{""criterion"": ""mse"", ""max_depth"": null, ""n_estimators"": 5}"
rfreg,2.0958804030612943,0.09555458669160241,"{""criterion"": ""mse"", ""max_depth"": null, ""n_estimators"": 50}"
rfreg,2.1574352434321487,0.055634482530177574,"{""criterion"": ""mse"", ""max_depth"": null, ""n_estimators"": 10}"
rfreg,2.0615227037636084,0.053085767250047836,"{""criterion"": ""mse"", ""max_depth"": 5, ""n_estimators"": 200}"
rfreg,2.1724028712895995,0.07556438645620026,"{""criterion"": ""mse"", ""max_depth"": 50, ""n_estimators"": 10}"
rfreg,2.163190527646242,0.02697747144685305,"{""criterion"": ""mse"", ""max_depth"": 20, ""n_estimators"": 10}"
rfreg,2.071508557564153,0.04940675040870514,"{""criterion"": ""mse"", ""max_depth"": 5, ""n_estimators"": 50}"
rfreg,2.0742556133979653,0.03840535698848581,"{""criterion"": ""mse"", ""max_depth"": 10, ""n_estimators"": 50}"
rfreg,2.25685014217703,0.07019206939925238,"{""criterion"": ""mse"", ""max_depth"": 20, ""n_estimators"": 5}"
rfreg,2.09836847958566,0.07733654290260636,"{""criterion"": ""mse"", ""max_depth"": 50, ""n_estimators"": 50}"
rfreg,2.2831700046198975,0.08379907862953723,"{""criterion"": ""mse"", ""max_depth"": null, ""n_estimators"": 5}"
rfreg,2.089199162124813,0.07123492022891645,"{""criterion"": ""mse"", ""max_depth"": 20, ""n_estimators"": 50}"
rfreg,2.0826330912494924,0.12461957620900682,"{""criterion"": ""mse"", ""max_depth"": null, ""n_estimators"": 100}"
rfreg,2.0656664416767345,0.07024990651675404,"{""criterion"": ""mse"", ""max_depth"": 5, ""n_estimators"": 100}"
rfreg,2.0886393656641182,0.07659942884868197,"{""criterion"": ""mse"", ""max_depth"": null, ""n_estimators"": 200}"
rfreg,2.2649724118749224,0.13549003429258255,"{""criterion"": ""mse"", ""max_depth"": 50, ""n_estimators"": 5}"
rfreg,2.0889752421023853,0.0421114486865789,"{""criterion"": ""mse"", ""max_depth"": 50, ""n_estimators"": 200}"
rfreg,2.1537877245469432,0.039308982102375295,"{""criterion"": ""mse"", ""max_depth"": 10, ""n_estimators"": 5}"
rfreg,2.041128457066639,0.09356773559589524,"{""criterion"": ""mae"", ""max_depth"": 5, ""n_estimators"": 100}"
rfreg,2.063264716159325,0.06951368322321774,"{""criterion"": ""mae"", ""max_depth"": 5, ""n_estimators"": 5}"
rfreg,2.037550419957539,0.05329865981481543,"{""criterion"": ""mae"", ""max_depth"": 5, ""n_estimators"": 200}"
rfreg,2.0474055483701092,0.07981785612755299,"{""criterion"": ""mae"", ""max_depth"": 5, ""n_estimators"": 10}"
rfreg,2.0367732899334223,0.10138520975554327,"{""criterion"": ""mae"", ""max_depth"": 5, ""n_estimators"": 50}"
etreg,2.0895053678047786,0.04665139954876869,"{""criterion"": ""mse"", ""max_depth"": 50, ""n_estimators"": 50}"
etreg,2.065470547375722,0.047732039623927164,"{""criterion"": ""mse"", ""max_depth"": 10, ""n_estimators"": 100}"
etreg,2.0811408080705642,0.01522661077831607,"{""criterion"": ""mse"", ""max_depth"": 20, ""n_estimators"": 200}"
etreg,2.0902219026047124,0.060302607505235875,"{""criterion"": ""mse"", ""max_depth"": null, ""n_estimators"": 50}"
etreg,2.0880830206502727,0.08688875408282448,"{""criterion"": ""mse"", ""max_depth"": 50, ""n_estimators"": 200}"
etreg,2.16333626077916,0.08599954264046986,"{""criterion"": ""mse"", ""max_depth"": null, ""n_estimators"": 10}"
etreg,2.1439731502784705,0.11362119878630413,"{""criterion"": ""mse"", ""max_depth"": 10, ""n_estimators"": 5}"
etreg,2.2757665953698956,0.05788989681468967,"{""criterion"": ""mse"", ""max_depth"": 50, ""n_estimators"": 5}"
etreg,2.068267876228195,0.14279824624887427,"{""criterion"": ""mse"", ""max_depth"": 5, ""n_estimators"": 100}"
etreg,2.06967973209725,0.07885137501708407,"{""criterion"": ""mse"", ""max_depth"": 10, ""n_estimators"": 50}"
etreg,2.0830670142737975,0.08208386242287129,"{""criterion"": ""mse"", ""max_depth"": null, ""n_estimators"": 100}"
etreg,2.068097108714434,0.049694070555497086,"{""criterion"": ""mse"", ""max_depth"": 5, ""n_estimators"": 200}"
etreg,2.0682068961348143,0.0676624910228828,"{""criterion"": ""mse"", ""max_depth"": 5, ""n_estimators"": 50}"
etreg,2.063431096902711,0.04970860981633726,"{""criterion"": ""mse"", ""max_depth"": 10, ""n_estimators"": 200}"
etreg,2.091530451299027,0.05999398966000132,"{""criterion"": ""mse"", ""max_depth"": 10, ""n_estimators"": 10}"
etreg,2.250119764671301,0.08382546895743806,"{""criterion"": ""mse"", ""max_depth"": 20, ""n_estimators"": 5}"
etreg,2.280169605360389,0.055671192243880015,"{""criterion"": ""mse"", ""max_depth"": null, ""n_estimators"": 5}"
etreg,2.0707077413037625,0.08586846774050963,"{""criterion"": ""mse"", ""max_depth"": 5, ""n_estimators"": 10}"
etreg,2.0850928070367583,0.05614181312707131,"{""criterion"": ""mse"", ""max_depth"": 20, ""n_estimators"": 100}"
etreg,2.0736155966505345,0.05103766603658789,"{""criterion"": ""mse"", ""max_depth"": null, ""n_estimators"": 200}"
abreg,2.499395306537356,0.06439460811065428,"{""learning_rate"": 1, ""loss"": ""exponential"", ""n_estimators"": 50}"
abreg,2.160837078123361,0.10585628876183575,"{""learning_rate"": 1, ""loss"": ""exponential"", ""n_estimators"": 10}"
abreg,2.3286726677317566,0.16278613282168553,"{""learning_rate"": 1, ""loss"": ""linear"", ""n_estimators"": 200}"
abreg,2.6579580342246385,0.034972355033838956,"{""learning_rate"": 0.5, ""loss"": ""square"", ""n_estimators"": 100}"
abreg,2.4773198519287916,0.09850092849855425,"{""learning_rate"": 0.5, ""loss"": ""exponential"", ""n_estimators"": 100}"
abreg,2.1222929901550542,0.08438736168110433,"{""learning_rate"": 0.1, ""loss"": ""linear"", ""n_estimators"": 50}"
abreg,2.7339972392586285,0.19529291486688216,"{""learning_rate"": 0.9, ""loss"": ""exponential"", ""n_estimators"": 200}"
abreg,2.1061447069352117,0.09202631069813698,"{""learning_rate"": 0.5, ""loss"": ""exponential"", ""n_estimators"": 5}"
abreg,2.1334655395425153,0.08135032027302663,"{""learning_rate"": 1, ""loss"": ""exponential"", ""n_estimators"": 5}"
abreg,2.348132067897856,0.16835328261273452,"{""learning_rate"": 1, ""loss"": ""linear"", ""n_estimators"": 100}"
abreg,2.2120644232974525,0.16254405011031342,"{""learning_rate"": 0.5, ""loss"": ""linear"", ""n_estimators"": 100}"
abreg,2.1461568271671707,0.08968136898854662,"{""learning_rate"": 0.9, ""loss"": ""exponential"", ""n_estimators"": 10}"
abreg,2.1699044209985088,0.03827727447620897,"{""learning_rate"": 0.1, ""loss"": ""linear"", ""n_estimators"": 200}"
abreg,2.4988305783766527,0.04334047508168234,"{""learning_rate"": 0.5, ""loss"": ""square"", ""n_estimators"": 50}"
abreg,2.6608605529766245,0.11106574351429971,"{""learning_rate"": 1, ""loss"": ""square"", ""n_estimators"": 200}"
abreg,2.2224516794341413,0.056798636007303824,"{""learning_rate"": 1, ""loss"": ""square"", ""n_estimators"": 5}"
abreg,2.3420702338889283,0.05058665080753813,"{""learning_rate"": 1, ""loss"": ""square"", ""n_estimators"": 10}"
abreg,2.154718063789288,0.0823377478663447,"{""learning_rate"": 0.1, ""loss"": ""exponential"", ""n_estimators"": 100}"
abreg,2.190661333169541,0.12824611249032797,"{""learning_rate"": 0.9, ""loss"": ""square"", ""n_estimators"": 5}"
abreg,2.117143146307923,0.06724291258918008,"{""learning_rate"": 0.1, ""loss"": ""exponential"", ""n_estimators"": 50}"
gbreg,3.0331134658192402,0.18027545217123342,"{""criterion"": ""mse"", ""learning_rate"": 0.001, ""loss"": ""ls"", ""max_depth"": 3, ""n_estimators"": 10, ""subsample"": 0.2}"
gbreg,3.047312218029614,0.16390874259208565,"{""criterion"": ""mse"", ""learning_rate"": 0.5, ""loss"": ""ls"", ""max_depth"": 3, ""n_estimators"": 100, ""subsample"": 0.2}"
gbreg,2.108742936563085,0.11895484335983855,"{""criterion"": ""mae"", ""learning_rate"": 0.01, ""loss"": ""huber"", ""max_depth"": 2, ""n_estimators"": 200, ""subsample"": 0.1}"
gbreg,4.500198368876893,0.15428728352130217,"{""criterion"": ""mae"", ""learning_rate"": 0.5, ""loss"": ""quantile"", ""max_depth"": 3, ""n_estimators"": 50, ""subsample"": 0.1}"
gbreg,2.1019705144670873,0.0662841148027967,"{""criterion"": ""friedman_mse"", ""learning_rate"": 0.01, ""loss"": ""huber"", ""max_depth"": 3, ""n_estimators"": 200, ""subsample"": 0.1}"
gbreg,2.5098843937772335,0.12199856051381755,"{""criterion"": ""mae"", ""learning_rate"": 0.5, ""loss"": ""huber"", ""max_depth"": 5, ""n_estimators"": 5, ""subsample"": 0.1}"
gbreg,5.265913679452224,0.04246145908609382,"{""criterion"": ""mae"", ""learning_rate"": 0.01, ""loss"": ""quantile"", ""max_depth"": 10, ""n_estimators"": 50, ""subsample"": 0.2}"
gbreg,2.7393294605784417,0.08383617053346883,"{""criterion"": ""mae"", ""learning_rate"": 0.5, ""loss"": ""ls"", ""max_depth"": 2, ""n_estimators"": 50, ""subsample"": 0.1}"
gbreg,2.7701867938603715,0.07518837928063068,"{""criterion"": ""mse"", ""learning_rate"": 0.001, ""loss"": ""ls"", ""max_depth"": 3, ""n_estimators"": 200, ""subsample"": 1.0}"
gbreg,2.260573869821785,0.12983664708249212,"{""criterion"": ""friedman_mse"", ""learning_rate"": 0.5, ""loss"": ""lad"", ""max_depth"": 3, ""n_estimators"": 10, ""subsample"": 0.1}"
gbreg,2.7665882748234316,0.07068343989541925,"{""criterion"": ""mae"", ""learning_rate"": 0.001, ""loss"": ""huber"", ""max_depth"": 10, ""n_estimators"": 200, ""subsample"": 0.1}"
gbreg,2.8901333292567086,0.10384661147645313,"{""criterion"": ""friedman_mse"", ""learning_rate"": 0.01, ""loss"": ""huber"", ""max_depth"": 2, ""n_estimators"": 10, ""subsample"": 1.0}"
gbreg,2.8933965211447883,0.04875464010737478,"{""criterion"": ""mse"", ""learning_rate"": 0.01, ""loss"": ""lad"", ""max_depth"": 3, ""n_estimators"": 10, ""subsample"": 0.1}"
gbreg,2.4624979775645413,0.10757829006696484,"{""criterion"": ""mse"", ""learning_rate"": 0.1, ""loss"": ""huber"", ""max_depth"": 3, ""n_estimators"": 5, ""subsample"": 0.1}"
gbreg,3.3037071954415453,0.15626078951991962,"{""criterion"": ""friedman_mse"", ""learning_rate"": 0.5, ""loss"": ""quantile"", ""max_depth"": 5, ""n_estimators"": 100, ""subsample"": 0.5}"
gbreg,2.901998673633508,0.0673583021609107,"{""criterion"": ""mse"", ""learning_rate"": 0.001, ""loss"": ""ls"", ""max_depth"": 3, ""n_estimators"": 100, ""subsample"": 0.2}"
gbreg,2.4890811613618213,0.0574868643464336,"{""criterion"": ""friedman_mse"", ""learning_rate"": 0.01, ""loss"": ""ls"", ""max_depth"": 3, ""n_estimators"": 50, ""subsample"": 1.0}"
gbreg,2.074060852868204,0.07950580478806532,"{""criterion"": ""mae"", ""learning_rate"": 0.5, ""loss"": ""lad"", ""max_depth"": 3, ""n_estimators"": 10, ""subsample"": 1.0}"
gbreg,5.532102911669613,0.1078183184428522,"{""criterion"": ""mae"", ""learning_rate"": 0.001, ""loss"": ""quantile"", ""max_depth"": 3, ""n_estimators"": 50, ""subsample"": 0.1}"
gbreg,2.118261086229004,0.049279690005544885,"{""criterion"": ""mae"", ""learning_rate"": 0.1, ""loss"": ""huber"", ""max_depth"": 2, ""n_estimators"": 50, ""subsample"": 0.1}"
mlpreg,2.6650274051437415,0.126111459535736,"{""activation"": ""logistic"", ""batch_size"": 128, ""hidden_layer_sizes"": [50, 50], ""learning_rate"": ""adaptive"", ""learning_rate_init"": 0.001, ""solver"": ""lbfgs""}"
mlpreg,2.1765231058051007,0.1030620340571402,"{""activation"": ""relu"", ""batch_size"": 64, ""hidden_layer_sizes"": [50, 50], ""learning_rate"": ""constant"", ""learning_rate_init"": 1e-05, ""solver"": ""adam""}"
mlpreg,2.0999881318363602,0.0825661741468292,"{""activation"": ""relu"", ""batch_size"": 32, ""hidden_layer_sizes"": [100, 100, 100], ""learning_rate"": ""invscaling"", ""learning_rate_init"": 1e-05, ""solver"": ""adam""}"
mlpreg,2.152394280470242,0.06742041305038196,"{""activation"": ""logistic"", ""batch_size"": 16, ""hidden_layer_sizes"": [50, 50], ""learning_rate"": ""adaptive"", ""learning_rate_init"": 1e-05, ""solver"": ""adam""}"
mlpreg,3.119522310450368,0.14004609313026595,"{""activation"": ""tanh"", ""batch_size"": 256, ""hidden_layer_sizes"": [50], ""learning_rate"": ""invscaling"", ""learning_rate_init"": 0.0001, ""solver"": ""lbfgs""}"
mlpreg,2.913316995751885,0.12809241501743662,"{""activation"": ""logistic"", ""batch_size"": 256, ""hidden_layer_sizes"": [100, 100], ""learning_rate"": ""constant"", ""learning_rate_init"": 0.01, ""solver"": ""adam""}"
mlpreg,2.7755030853128395,0.0950517830236225,"{""activation"": ""relu"", ""batch_size"": 32, ""hidden_layer_sizes"": [100, 100], ""learning_rate"": ""constant"", ""learning_rate_init"": 0.0001, ""solver"": ""lbfgs""}"
mlpreg,2.8465571767349074,0.12766940526600398,"{""activation"": ""logistic"", ""batch_size"": 512, ""hidden_layer_sizes"": [100], ""learning_rate"": ""adaptive"", ""learning_rate_init"": 0.0001, ""solver"": ""lbfgs""}"
mlpreg,2.5639036943289546,0.11439927953872436,"{""activation"": ""logistic"", ""batch_size"": 256, ""hidden_layer_sizes"": [100, 100], ""learning_rate"": ""constant"", ""learning_rate_init"": 0.001, ""solver"": ""lbfgs""}"
mlpreg,2.8052341826001994,0.15081240880078742,"{""activation"": ""logistic"", ""batch_size"": 32, ""hidden_layer_sizes"": [100, 100], ""learning_rate"": ""invscaling"", ""learning_rate_init"": 0.001, ""solver"": ""adam""}"
mlpreg,98.43750843383415,87.15140405215305,"{""activation"": ""relu"", ""batch_size"": 16, ""hidden_layer_sizes"": [100], ""learning_rate"": ""constant"", ""learning_rate_init"": 0.1, ""solver"": ""adam""}"
mlpreg,2.9855926104203734,0.08692036251209409,"{""activation"": ""logistic"", ""batch_size"": 64, ""hidden_layer_sizes"": [50], ""learning_rate"": ""adaptive"", ""learning_rate_init"": 0.1, ""solver"": ""sgd""}"
mlpreg,2.512417035635742,0.09815913843252463,"{""activation"": ""relu"", ""batch_size"": 512, ""hidden_layer_sizes"": [100, 100], ""learning_rate"": ""adaptive"", ""learning_rate_init"": 0.001, ""solver"": ""adam""}"
mlpreg,2.141055955664883,0.11946965250351022,"{""activation"": ""logistic"", ""batch_size"": 16, ""hidden_layer_sizes"": [50], ""learning_rate"": ""invscaling"", ""learning_rate_init"": 0.1, ""solver"": ""sgd""}"
mlpreg,2.3325307838170866,0.10184260883636953,"{""activation"": ""relu"", ""batch_size"": 512, ""hidden_layer_sizes"": [50], ""learning_rate"": ""invscaling"", ""learning_rate_init"": 0.01, ""solver"": ""adam""}"
mlpreg,2.5957200136570164,0.16480762723540904,"{""activation"": ""relu"", ""batch_size"": 256, ""hidden_layer_sizes"": [50], ""learning_rate"": ""constant"", ""learning_rate_init"": 0.1, ""solver"": ""lbfgs""}"
